title,company,experience,salary,location
Python Software Developer & Infosys- Pan India,,3-8 Yrs,,"Mumbai (All Areas), Pune, Delhi / NCR"
Python Software Developer,,3-6 Yrs,,"Hybrid - Mumbai (All Areas), Pune"
SDE - 2 | Python Developer,,4-9 Yrs,,Mumbai
Python Developer,,1-6 Yrs,,"Mumbai (All Areas), Bengaluru, Delhi / NCR"
Python Software Developer,,5-6 Yrs,,Mumbai (All Areas)(Chembur +4)
Python Developer,,4-6 Yrs,,Mumbai
Python Developer,,3-8 Yrs,,"Mumbai, Kolkata, New Delhi, Hyderabad, Pune, Chennai, Bengaluru"
Python Developer,,0-3 Yrs,,"Mumbai, Kolkata, New Delhi, Hyderabad, Pune, Chennai, Bengaluru"
Python Developer,,2-4 Yrs,,Mumbai
Python Developer,,5-8 Yrs,,"Mumbai, Bengaluru"
Python Developer,,5-10 Yrs,,"Mumbai, Kolkata, New Delhi, Hyderabad, Pune, Chennai, Bengaluru"
Python Developer,,3-5 Yrs,,"Hybrid - Mumbai (All Areas), Bengaluru"
Python Developer,,2-4 Yrs,,Mumbai
Python Developer,,2-5 Yrs,,Mumbai
Python Developer,,1-6 Yrs,,Mumbai
Python Developer,,5-8 Yrs,,"Mumbai, Kolkata, New Delhi, Hyderabad, Pune, Chennai, Bengaluru"
Python Developer,,2-4 Yrs,,Hybrid - Mumbai (All Areas)
Python Developer,,2-7 Yrs,,Mumbai
Python Developer,,2-6 Yrs,,"Mumbai, Kolkata, New Delhi, Hyderabad, Pune, Chennai, Bengaluru"
Python Developer,,2-6 Yrs,,Mumbai
